{"cameraMode":{"drawMode":0,"name":"Shaded","section":"Shading Mode"},"sceneLighting":true,"audioPlay":false,"sceneViewState":{"showFog":false,"showMaterialUpdate":false,"showSkybox":false,"showFlares":false,"showImageEffects":false,"showParticleSystems":false},"in2DMode":false,"pivot":{"x":5.030898571014404,"y":1.682697057723999,"z":-1.1972997188568116},"rotation":{"x":-0.030090419575572015,"y":-0.7576891779899597,"z":-0.035022713243961337,"w":0.6509807705879211},"size":0.2926049828529358,"orthographic":false}